title,url,Date
What Is Data Scraping And How Can You Use It? | Target ...,https://www.targetinternet.com/what-is-data-scraping-and-how-can-you-use-it/,"Sep 13, 2017 · Uploaded by Lucy Provost"
What is data scraping? - YouTube,https://www.youtube.com/watch?v=COeMzrSYgvw,"Oct 30, 2020 · Uploaded by The Hindu"
Top 10 Data Scraping Tools for 2021 | Octoparse,https://www.octoparse.com/blog/best-data-scraping-tools-for-2021,"Jun 11, 2020 · Uploaded by Octoparse"
What is Web Scraping and How Does Web Crawling Work?,https://www.scrapinghub.com/what-is-web-scraping/,"Nov 17, 2020 · Uploaded by Scrapinghub"
What is DATA SCRAPING? What does DATA SCRAPING ...,https://www.youtube.com/watch?v=omTtMylcWOI,"Sep 21, 2017 · Uploaded by The Audiopedia"
Data Scraping for SEO & Analytics - Tutorial - Optimize Smart,https://www.optimizesmart.com/data-scraping-guide-for-seo/,"Oct 7, 2011 · Uploaded by Garrett French CL"
Top 30 Free Web Scraping Software in 2021 | Octoparse,https://www.octoparse.com/blog/top-30-free-web-scraping-software,"May 19, 2020 · Uploaded by Octoparse"
Top 5 Social Media Scraping Tools for 2020 | Octoparse,https://www.octoparse.com/blog/top-5-social-media-scraping-tools-for-2018,"Oct 17, 2018 · Uploaded by Octoparse"
"Big Data: What Is Web Scraping, and Why Does It Matter ...",https://www.octoparse.com/blog/big-data-what-is-web-scraping-and-why-does-it-matter,"Feb 24, 2020 · Uploaded by Octoparse"
Examples of Businesses Who Use Data Scraping | Octoparse,https://www.octoparse.com/blog/examples-of-who-use-data-scraping,"Mar 2, 2020 · Uploaded by Octoparse"
20 best web scraping tools for 2020 - ScrapingBee,https://www.scrapingbee.com/blog/web-scraping-tools/,"Feb 19, 2020 · Uploaded by Web Scraper"
Web Crawling vs Web Scraping: The Differences - Blog ...,https://oxylabs.io/blog/crawling-vs-scraping,"Dec 18, 2019 · Uploaded by Oxylabs"
Web Data Extraction Automation - UiPath,https://www.uipath.com/developers/video-tutorials/web-data-extraction-automation,"Oct 6, 2014 · Uploaded by UiPath"
Web Scraping 101: 10 Myths that Everyone Should Know ...,https://www.octoparse.com/blog/10-myths-about-web-scraping,"Jul 30, 2019 · Uploaded by Octoparse"
Automate Web Data Extraction and Data Scraping ...,https://www.helpsystems.com/product-lines/automate/data-scraping-extraction,"Sep 5, 2015"
Best Data Scraping Tools for 2020 (Top 10 Reviews) | by ...,https://medium.com/datadriveninvestor/best-data-scraping-tools-for-2019-top-10-reviews-4a686061a184,"May 6, 2019 · Uploaded by Octoparse"
What is a present-day web scraper? | Towards Data Science,https://towardsdatascience.com/what-is-a-present-day-scraper-e2c3d3b79648,"Jun 4, 2020 · Uploaded by Dmitry Narizhnykh"
Watch | What is data scraping? - The Hindu,https://www.thehindu.com/sci-tech/technology/what-is-data-scraping/article32908610.ece,"Oct 21, 2020"
Web Scraping Examples: How are Businesses Using Web ...,https://www.parsehub.com/blog/web-scraping-examples/,"Oct 28, 2019 · Uploaded by ParseHub"
Is Web Scraping Easy? How to Scrape Data without Coding ...,https://www.parsehub.com/blog/web-scraping-easy/,"Feb 10, 2020 · Uploaded by ParseHub"
What is Data Scraping? | Science Times,https://www.sciencetimes.com/articles/25874/20200529/what-is-data-scraping.htm,"May 29, 2020"
Web Scraping Tool | Free Browser Extensions | Grepsr,https://www.grepsr.com/browser-extensions/,"Jun 9, 2016"
Web Scraping Software - UiPath,https://www.uipath.com/solutions/technology/web-scraping-software,"Jan 31, 2015 · Uploaded by UiPath"
How to Scrape Websites at Large Scale (2020 Guide ...,https://www.octoparse.com/blog/scrape-websites-at-large-scale,"Feb 3, 2020 · Uploaded by Octoparse"
Web Scraping vs Data Mining: What's the Difference ...,https://www.parsehub.com/blog/web-scraping-vs-data-mining/,"Mar 2, 2020 · Uploaded by ParseHub"
How To Scrape Data From A Website Into Excel - YouTube,https://www.youtube.com/watch?v=YQbe20G0ZSM,"Jan 5, 2018 · Uploaded by Md Al Amin"
Extract Data from any Website using Data Scraper - Easy Web ...,https://www.youtube.com/watch?v=B7yyemwCf7g,"Nov 10, 2017 · Uploaded by ITfriend"
UiPath Data Scraping (Web Page to Excel) - Tutorial - YouTube,https://www.youtube.com/watch?v=vIAJvk4quqA,"Jan 21, 2020 · Uploaded by Anders Jensen"
UiPath Basics #11 - Data Scraping to Excel - YouTube,https://www.youtube.com/watch?v=kOPfG44-CBw,"Jul 13, 2020 · Uploaded by Anders Jensen"
Automated data scraping from websites into Excel - YouTube,https://www.youtube.com/watch?v=qbOdUaf4yfI,"Nov 3, 2012 · Uploaded by Dinesh Kumar Takyar"
Web Scraping vs API: What's the Difference? | ParseHub,https://www.parsehub.com/blog/web-scraping-vs-api/,"Mar 9, 2020 · Uploaded by ParseHub"
Real Estate Web Scraping: Changing This Industry - Blog ...,https://oxylabs.io/blog/data-scraping-for-real-estate,"May 11, 2020 · Uploaded by Oxylabs"
Screen Scraping Any Desktop Application - UiPath,https://www.uipath.com/developers/video-tutorials/screen-scraping-desktop-application,"Dec 19, 2014 · Uploaded by UiPath"
Web Scraping vs. Data API Scraping - Alternatives to HTML ...,https://www.youtube.com/watch?v=zj7pXM9gE5M,"May 31, 2020 · Uploaded by Stevesie Data"
ImportFromWeb | Easy Web Scraping - Google Workspace ...,https://workspace.google.com/marketplace/app/importfromweb_easy_web_scraping/278587576794,"Jan 10, 2020 · Uploaded by NoDataNoBusiness"
5 Reasons Why Web Scraping May Benefit Your Business ...,https://www.octoparse.com/blog/why-web-scraping-may-benefit-your-business,"Dec 17, 2019 · Uploaded by Octoparse"
How to Maintain Data Quality While Web Scraping | Octoparse,https://www.octoparse.com/blog/how-to-maintain-data-quality-while-web-scraping,"Jun 8, 2020 · Uploaded by Octoparse"
Data Scraping Automation Webinar | HelpSystems,https://www.helpsystems.com/resources/on-demand-webinars/automate-data-scraping,"Feb 24, 2017"
Price Scraping: Free Tools to Scrape Price Data | Octoparse,https://www.octoparse.com/blog/price-scraping-octoparse-free-web-scraping-software,7 days ago · Uploaded by Octoparse
Can you Make Money from Web Scraping? Of Course ...,https://www.parsehub.com/blog/web-scraping-money/,"Mar 30, 2020 · Uploaded by ParseHub"
What is Web Scraping and What is it Used For? | Definition ...,https://www.youtube.com/watch?v=Ct8Gxo8StBU,"Sep 27, 2019 · Uploaded by ParseHub"
Scraping Data from Website to Excel (Tutorial 2020) | Octoparse,https://www.octoparse.com/blog/scraping-data-from-website-to-excel,"Feb 1, 2020 · Uploaded by Octoparse"
QVC Can't Stop Web Scraping - Forbes,https://www.forbes.com/sites/ericgoldman/2015/03/24/qvc-cant-stop-web-scraping/,"Mar 24, 2015"
Screen Scraping Any Desktop Application - UiPath,https://www.uipath.com/learning/video-tutorials/screen-scraping-desktop-application,"Dec 19, 2014 · Uploaded by UiPath"
What is Web Scraping and Who is Using it? | Octoparse,https://www.octoparse.com/blog/what-is-web-scraping,"Aug 27, 2018 · Uploaded by Octoparse"
How to Scrape a Website that Requires Login | ParseHub,https://www.parsehub.com/blog/web-scrape-login/,"Jan 20, 2020 · Uploaded by ParseHub"
Scraping and Cleaning Data | Journalist's Toolbox,https://www.journaliststoolbox.org/2021/01/13/find-scrape-and-clean-data/,6 days ago · Uploaded by journaliststoolbox
LinkedIn Scraper | LinkedIn Data Extractor Software Tool,https://scrapingexpert.com/linkedin-scraper/,"Aug 8, 2014"
The Essential Guide To Web Scraping Tools | Understanding ...,https://understandingdata.com/web-scraping-tools/,"Mar 27, 2020 · Uploaded by ParseHub"
How much does Web Scraping cost? | ParseHub,https://www.parsehub.com/blog/web-scraping-cost/,"Apr 6, 2020 · Uploaded by ParseHub"
What is WEB SCRAPING? What does WEB SCRAPING mean ...,https://www.youtube.com/watch?v=7IUfRVYew-o,"Jan 19, 2017 · Uploaded by The Audiopedia"
Data Scraping is Revolutionary - Rebellion Research,https://www.rebellionresearch.com/blog/data-scraping-is-revolutionary,"Apr 10, 2020 · Uploaded by ParseHub"
How to Generate Sales Leads Using Web Scraping | Octoparse,https://www.octoparse.com/blog/lead-generation-with-web-scraping,"Sep 27, 2019 · Uploaded by Octoparse"
Web Scraping : Extract Any Data in 5 Minutes | by Jeevan ...,https://medium.com/@jeevanchavan143/web-scraping-extract-any-data-in-5-minutes-67c8ec01d704,"May 1, 2020 · Uploaded by jeevan chavan"
10 Minute Tip: Data Scraping and Visualizing using Instant ...,https://www.youtube.com/watch?v=mohq4enmVNE,"Apr 15, 2020 · Uploaded by The OSINT Curious Project"
Tidy web scraping in R — Tutorial and resources | by Keith ...,https://towardsdatascience.com/tidy-web-scraping-in-r-tutorial-and-resources-ac9f72b4fe47,"Jul 27, 2019 · Uploaded by Yrrah0015"
Data scraping from single pages | Octoparse,https://www.octoparse.com/tutorial/single-page-web-scraping-octoparse,"Mar 14, 2016 · Uploaded by Octoparse"
Web Scraping Tool to Extract Data from Websites - Agenty,https://www.agenty.com/products/scraping-agent/,"Oct 30, 2019 · Uploaded by Agenty"
Web Scraping: How to Get Coronavirus Data (COVID-19 ...,https://www.octoparse.com/blog/get-real-time-coronavirus-data-sars-cov-2,"Feb 13, 2020 · Uploaded by Octoparse"
Web Scraping Tutorial - How to Seed your Database with Web ...,https://www.youtube.com/watch?v=_opDs6UPDyo,"Mar 9, 2017 · Uploaded by Fullstack Academy"
How to Scrape Data from a News Website | ParseHub,https://www.parsehub.com/blog/scrape-news-website/,"Jun 11, 2020 · Uploaded by ParseHub"
Data Scraping In UiPath Rpa Example - YouTube,https://www.youtube.com/watch?v=WtyiwEVF2-w,"May 30, 2019 · Uploaded by KB Tutorials"
Scraping and Cleaning Data | Journalist's Toolbox,https://www.journaliststoolbox.org/2021/01/15/find-scrape-and-clean-data/,6 days ago · Uploaded by journaliststoolbox
3 Most Practical Uses of eCommerce Data Scraping Tools ...,https://www.octoparse.com/blog/3-most-practical-uses-of-ecommerce-data-scraping-tools,"Sep 21, 2020 · Uploaded by Octoparse"
How to Scrape Data from any Ecommerce Website | ParseHub,https://www.parsehub.com/blog/scrape-ecommerce-website/,"Jun 3, 2020 · Uploaded by ParseHub"
"How to Scrape Amazon Product Data for Free: Names, Pricing ...",https://www.parsehub.com/blog/scrape-amazon-product-data/,"Nov 9, 2020 · Uploaded by ParseHub"
11 Popular Cloud-based Web Scraping Solutions - Geekflare,https://geekflare.com/web-scraping-tools/,"Nov 27, 2020 · Uploaded by Web Scraper"
5 Best Web Scraping Tools in 2020! - YouTube,https://www.youtube.com/watch?v=QbkXCkcmHJI,"Apr 8, 2019 · Uploaded by Octoparse"
Data Scraping and Mining From Websites Free No Coding ...,https://www.youtube.com/watch?v=CKRjXZSgg-g,"Feb 21, 2017 · Uploaded by Just2 Techno"
Top 20 Web Crawling Tools to Scrape the Websites Quickly ...,https://www.octoparse.com/blog/top-20-web-crawling-tools-for-extracting-web-data,"Aug 23, 2019 · Uploaded by Octoparse"
Screen Scraping Software - RPA | UiPath,https://www.uipath.com/solutions/technology/screen-scraping,"Apr 15, 2014 · Uploaded by UiPath"
Scraping and Cleaning Data | Journalist's Toolbox,https://www.journaliststoolbox.org/2021/01/05/find-scrape-and-clean-data/,5 days ago · Uploaded by journaliststoolbox
Tutorial 2 : Scraping data from website using Excel ... - YouTube,https://www.youtube.com/watch?v=WXHD7T0D4Pk,"Apr 16, 2019 · Uploaded by Extreme Automation - Kamal Girdher"
NoCoding Data Scraper - Simple Web Scraping - Microsoft ...,https://microsoftedge.microsoft.com/addons/detail/nocoding-data-scraper-i/daiklcgdelcbcmjepemiklfglodmofbm,"Aug 29, 2020 · Uploaded by NoCoding Web Data Scraper -visualized web scraping"
Data scraping from details of Lists/tables in web pages ...,https://www.octoparse.com/tutorial/list-detail-page-introduction,"Mar 9, 2016 · Uploaded by Octoparse"
Web Scraping Benefits - Diffbot,https://www.diffbot.com/web-scraping/,"Dec 17, 2020 · Uploaded by Diffbot"
15 Most Frequently Asked Questions about Web Scraping (Q&A),https://www.octoparse.com/blog/15-most-frequently-asked-questions-of-web-scraping,"Feb 1, 2019 · Uploaded by Octoparse"
Best Web Scraper for Mac: Scrape Data from Any Website ...,https://www.octoparse.com/blog/best-web-scraper-for-mac,"Jun 5, 2020 · Uploaded by Octoparse"
How does web scraping work? | ParseHub,https://www.parsehub.com/blog/how-web-scraping-works/,"Feb 24, 2020 · Uploaded by ParseHub"
The A-Z of Web Scraping in 2020 [A How-To Guide],https://dataflowkit.com/blog/what-is-a-present-day-web-scraper/,"Jun 7, 2020 · Uploaded by Dmitry Narizhnykh"
Chrome Extension Review: Use Ally for data scraping - Tools ...,https://recruitingtools.com/chrome-extension-review-use-ally-for-data-scraping/,"Jan 10, 2020 · Uploaded by RecruitingDaily.com"
Data Scraping | Gavagai,https://www.gavagai.io/solutions/scraping/,"Jan 23, 2020 · Uploaded by Gavagai"
Scraping and Cleaning Data | Journalist's Toolbox,https://www.journaliststoolbox.org/2021/01/08/find-scrape-and-clean-data/,5 days ago · Uploaded by journaliststoolbox
"Scraping Live Traffic Data in 3 Lines of Code, Step-by-Step ...",https://towardsdatascience.com/scraping-live-traffic-data-in-3-lines-of-code-step-by-step-9b2cc7ddf31f,"Apr 18, 2020 · Uploaded by GitHub"
Beginner's guide to Web Scraping using Excel - ProWebScraper,https://prowebscraper.com/blog/beginners-guide-to-web-scraping-using-excel/,"Oct 12, 2018 · Uploaded by edutechional"
Data Mining and Scraping - Digital Marketing Lesson - DMI,https://digitalmarketinginstitute.com/resources/lessons/analytics_data-mining-and-scraping_3hhd,"Jun 26, 2020"
Scraped Parler data is truly revealing | TechBeacon,https://techbeacon.com/security/scraped-parler-data-reveals-countless-capitol-perps,6 days ago · Uploaded by DjsFromMars
Best 3 Ways to Crawl Data from a Website | Octoparse,https://www.octoparse.com/blog/how-to-crawl-data-from-a-website,"May 29, 2020 · Uploaded by Octoparse"
How to Scrape and Download Images from any Website ...,https://www.parsehub.com/blog/scrape-images-website/,"Aug 22, 2019 · Uploaded by ParseHub"
Creating a horse racing Tableau dashboard from data scraping,https://www.import.io/post/data-scraping-horse-racing/,"Apr 13, 2018 · Uploaded by Craig S Dewar"
PDF Data Scraping - YouTube,https://www.youtube.com/watch?v=SC1kZivH_Sg,"Oct 9, 2018 · Uploaded by Team PDFix"
How to Scrape Wikipedia Articles and Data | ParseHub,https://www.parsehub.com/blog/scrape-wikipedia/,"Nov 11, 2019 · Uploaded by ParseHub"
Scrape The Internet To Get Training Data For Your Machine ...,https://blog.datahut.co/scrape-the-internet-to-get-training-data-for-your-machine-learning-model/,"May 26, 2017"
3 Most Practical Uses of eCommerce Data Scraping Tools ...,https://www.octoparse.com/blog/most-practical-uses-of-ecommerce-data-scraping-tools,"Jun 2, 2020 · Uploaded by Octoparse"
Data scraping using Uipath - YouTube,https://www.youtube.com/watch?v=yDpsq5v4UTo,"Oct 16, 2018 · Uploaded by IdeasBySupreet"
Tutorial - How to Scrape Data from Websites with Data Miner ...,https://www.youtube.com/watch?v=Zrq5E0zagGw,"Dec 4, 2019 · Uploaded by Derek Caelin"
Top 20 Best Webscraping Tools – Linux Hint,https://linuxhint.com/top_20_webscraping_tools/,"Jun 4, 2018"
Intro To Web Scraping With Python - YouTube,https://www.youtube.com/watch?v=4UcqECQe5Kc,"Jul 29, 2018 · Uploaded by Traversy Media"
Top 5 Web Scraping Tools to Use in Sourcing - WizardSourcer,https://wizardsourcer.com/top-5-web-scraping-tools-to-use-in-sourcing/,"Nov 6, 2018 · Uploaded by Web Robots"
"Tokopedia.com Data Scraper - Product, Sales",https://chrome.google.com/webstore/detail/tokopediacom-data-scraper/iefcdnhjmidddcemjphfkmgllbglbbkl?hl=en,"Jul 14, 2020 · Uploaded by datasunday channel"
